{"cameraMode":{"drawMode":0,"name":"Shaded","section":"Shading Mode"},"sceneLighting":false,"audioPlay":false,"sceneViewState":{"showFog":true,"showMaterialUpdate":false,"showSkybox":true,"showFlares":true,"showImageEffects":true,"showParticleSystems":true},"in2DMode":false,"pivot":{"x":5.467670440673828,"y":-0.38040781021118166,"z":16.021373748779298},"rotation":{"x":0.09008336812257767,"y":-0.37730735540390017,"z":0.036907341331243518,"w":0.9209571480751038},"size":28.184659957885743,"orthographic":false}