{"cameraMode":{"drawMode":0,"name":"Shaded","section":"Shading Mode"},"sceneLighting":true,"audioPlay":false,"sceneViewState":{"showFog":true,"showMaterialUpdate":false,"showSkybox":true,"showFlares":true,"showImageEffects":true,"showParticleSystems":true},"in2DMode":false,"pivot":{"x":-35.67327880859375,"y":-5.662550449371338,"z":129.67625427246095},"rotation":{"x":-0.16321371495723725,"y":0.5473148822784424,"z":-0.10981188714504242,"w":-0.8134796619415283},"size":261.8331298828125,"orthographic":false}